Plot,Plot,,
2967,0.02,14.835,0
2967,0.03,14.835,0
2967,0.04,14.835,0
2967,0.05,14.835,0
2967,0.06,14.835,0
2967,0.07,14.835,0
2967,0.08,14.835,0
2967,0.09,14.835,0
2967,0.1,14.835,0
2967,0.11,14.835,0
2967,0.12,14.835,0
2967,0.13,14.835,0
2967,0.14,14.835,0
2967,0.15,14.835,0
2967,0.16,14.835,0
2967,0.17,14.835,0
2967,0.18,14.835,0
2967,0.19,14.835,0
2967,0.2,14.835,0
2967,0.21,14.835,0
2967,0.22,14.835,0
2967,0.23,14.835,0
2967,0.24,14.835,0
2967,0.25,14.835,0
2967,0.26,14.835,0
2967,0.27,14.835,0
2967,0.28,14.835,0
2967,0.29,14.835,0
2967,0.3,14.835,0
2967,0.31,14.835,0
2967,0.32,14.835,0
2967,0.33,14.835,0
2967,0.34,14.835,0
2967,0.35,14.835,0
2967,0.36,14.835,0
2967,0.37,14.835,0
2967,0.38,14.835,0
2967,0.39,14.835,0
2967,0.4,14.835,0
2967,0.41,14.835,0
2967,0.42,14.835,0
2967,0.43,14.835,0
2967,0.44,14.835,0
2967,0.45,14.835,0
2967,0.46,14.835,0
2967,0.47,14.835,0
2967,0.48,14.835,0
2967,0.49,14.835,0
2967,0.5,14.835,0
2967,0.51,14.835,0
2967,0.52,14.835,0
2967,0.53,14.835,0
2967,0.54,14.835,0
2967,0.55,14.835,0
2967,0.56,14.835,0
2967,0.57,14.835,0
2967,0.58,14.835,0
2967,0.59,14.835,0
2967,0.6,14.835,0
2967,0.61,14.835,0
2967,0.62,14.835,0
2967,0.63,14.835,0
2967,0.64,14.835,0
2967,0.65,14.835,0
2967,0.66,14.835,0
2967,0.67,14.835,0
2967,0.68,14.835,0
2967,0.69,14.835,0
2967,0.7,14.835,0
2967,0.71,14.835,0
2967,0.72,14.835,0
2967,0.73,14.835,0
2967,0.74,14.835,0
2967,0.75,14.835,0
2967,0.76,14.835,0
2967,0.77,14.835,0
2967,0.78,14.835,0
2967,0.79,14.835,0
2967,0.8,14.835,0
2967,0.81,14.835,0
2967,0.82,14.835,0
2967,0.83,14.835,0
2967,0.84,14.835,0
2967,0.85,14.835,0
2967,0.86,14.835,0
2967,0.87,14.835,0
2967,0.88,14.835,0
2967,0.89,14.835,0
2967,0.9,14.835,0
2967,0.91,14.835,0
2967,0.92,14.835,0
2967,0.93,14.835,0
2967,0.94,14.835,0
2967,0.95,14.835,0
2967,0.96,14.835,0
2967,0.97,14.835,0
2967,0.98,14.835,0
2967,0.99,14.835,0
2967,1,14.835,0
2967,1.01,14.835,0
2967,1.02,14.835,0
2967,1.03,14.835,0
2967,1.04,14.835,0
2967,1.05,14.835,0
2967,1.06,14.835,0
2967,1.07,14.835,0
2967,1.08,14.835,0
2967,1.09,14.835,0
2967,1.1,14.835,0
2967,1.11,14.835,0
2967,1.12,14.835,0
2967,1.13,14.835,0
2967,1.14,14.835,0
2967,1.15,14.835,0
2967,1.16,14.835,0
2967,1.17,14.835,0
2967,1.18,14.835,0
2967,1.19,14.835,0
2967,1.2,14.835,0
2967,1.21,14.835,0
2967,1.22,14.835,0
2967,1.23,14.835,0
2967,1.24,14.835,0
2967,1.25,14.835,0
2967,1.26,14.835,0
2967,1.27,14.835,0
2967,1.28,14.835,0
2967,1.29,14.835,0
2967,1.3,14.835,0
2967,1.31,14.835,0
2967,1.32,14.835,0
2967,1.33,14.835,0
2967,1.34,14.835,0
2967,1.35,14.835,0
2967,1.36,14.835,0
2967,1.37,14.835,0
2967,1.38,14.835,0
2967,1.39,14.835,0
2967,1.4,14.835,0
2967,1.41,14.835,0
2967,1.42,14.835,0
2967,1.43,14.835,0
2967,1.44,14.835,0
2967,1.45,14.835,0
2967,1.46,14.835,0
2967,1.47,14.835,0
2967,1.48,14.835,0
2967,1.49,14.835,0
2967,1.5,14.835,0
2967,1.51,14.835,0
2967,1.52,14.835,0
2967,1.53,14.835,0
2967,1.54,14.835,0
2967,1.55,14.835,0
2967,1.56,14.835,0
2967,1.57,14.835,0
2967,1.58,14.835,0
2967,1.59,14.835,0
2967,1.6,14.835,0
2967,1.61,14.835,0
2967,1.62,14.835,0
2967,1.63,14.835,0
2967,1.64,14.835,0
2967,1.65,14.835,0
2967,1.66,14.835,0
2967,1.67,14.835,0
2967,1.68,14.835,0
2967,1.69,14.835,0
2967,1.7,14.835,0
2967,1.71,14.835,0
2967,1.72,14.835,-0.25
2967,1.73,14.835,-0.75
2967,1.74,14.83,-1
2967,1.75,14.82,-1
2967,1.76,14.81,-1.25
2967,1.77,14.8,-1.5
2967,1.78,14.785,-1.5
2967,1.79,14.77,-1.5
2966,1.8,14.755,-1.5
2964,1.81,14.74,-1.75
2962,1.82,14.725,-1.75
2960,1.83,14.705,-1.5
2957,1.84,14.69,-1.5
2954,1.85,14.675,-1.5
2951,1.86,14.66,-1.5
2948,1.87,14.645,-1.5
2945,1.88,14.63,-1.5
2941,1.89,14.615,-1.75
2938,1.9,14.6,-1.75
2935,1.91,14.58,-1.75
2932,1.92,14.565,-2
2929,1.93,14.545,-2
2926,1.94,14.525,-2
2923,1.95,14.505,-2.25
2920,1.96,14.485,-2.25
2916,1.97,14.46,-2.25
2913,1.98,14.44,-2.5
2909,1.99,14.415,-2.5
2905,2,14.39,-2.5
2901,2.01,14.365,-2.5
2897,2.02,14.34,-2.5
2892,2.03,14.315,-2.75
2888,2.04,14.29,-2.75
2883,2.05,14.26,-2.75
2878,2.06,14.235,-2.75
2873,2.07,14.205,-2.5
2868,2.08,14.18,-2.75
2863,2.09,14.155,-2.75
2858,2.1,14.125,-2.75
2852,2.11,14.1,-2.75
2847,2.12,14.07,-2.75
2841,2.13,14.045,-3
2836,2.14,14.015,-2.75
2831,2.15,13.985,-2.75
2825,2.16,13.96,-2.75
2820,2.17,13.93,-2.75
2814,2.18,13.905,-3
2809,2.19,13.875,-2.75
2803,2.2,13.845,-2.75
2797,2.21,13.82,-3
2792,2.22,13.79,-2.75
2786,2.23,13.76,-2.75
2781,2.24,13.735,-2.75
2775,2.25,13.705,-2.75
2769,2.26,13.68,-2.75
2764,2.27,13.65,-2.5
2758,2.28,13.625,-2.5
2752,2.29,13.6,-2.5
2747,2.3,13.575,-2.5
2741,2.31,13.55,-2.25
2736,2.32,13.525,-2.25
2730,2.33,13.505,-2.25
2725,2.34,13.48,-2.25
2720,2.35,13.46,-2.25
2715,2.36,13.435,-2.25
2710,2.37,13.415,-2.25
2705,2.38,13.39,-2.25
2701,2.39,13.37,-2.25
2696,2.4,13.345,-2.25
2692,2.41,13.325,-2.25
2687,2.42,13.3,-2.25
2683,2.43,13.28,-2.25
2678,2.44,13.255,-2
2674,2.45,13.235,-2
2669,2.46,13.215,-1.75
2665,2.47,13.195,-1.75
2660,2.48,13.18,-2
2656,2.49,13.16,-2
2651,2.5,13.14,-2
2647,2.51,13.12,-1.75
2643,2.52,13.1,-1.75
2639,2.53,13.085,-2
2636,2.54,13.065,-2
2632,2.55,13.045,-1.75
2628,2.56,13.025,-1.75
2624,2.57,13.01,-2
2620,2.58,12.99,-1.75
2617,2.59,12.97,-1.75
2613,2.6,12.955,-2
2609,2.61,12.935,-2
2605,2.62,12.915,-2
2602,2.63,12.895,-2.25
2598,2.64,12.875,-2.25
2594,2.65,12.85,-2.25
2591,2.66,12.83,-2.5
2587,2.67,12.805,-2.25
2583,2.68,12.78,-2.25
2579,2.69,12.76,-2.5
2575,2.7,12.735,-2.5
2570,2.71,12.71,-2.25
2566,2.72,12.685,-2
2561,2.73,12.665,-2
2556,2.74,12.645,-2
2552,2.75,12.625,-2
2547,2.76,12.605,-2.25
2542,2.77,12.585,-2.25
2537,2.78,12.56,-2
2533,2.79,12.54,-2
2529,2.8,12.52,-2
2525,2.81,12.5,-2
2521,2.82,12.48,-1.75
2517,2.83,12.46,-1.75
2512,2.84,12.445,-2
2508,2.85,12.425,-2
2504,2.86,12.405,-1.75
2500,2.87,12.385,-1.75
2496,2.88,12.37,-2
2492,2.89,12.35,-2
2489,2.9,12.33,-2
2485,2.91,12.31,-2
2481,2.92,12.29,-1.75
2477,2.93,12.27,-1.75
2474,2.94,12.255,-1.75
2470,2.95,12.235,-1.75
2466,2.96,12.22,-2
2462,2.97,12.2,-1.75
2458,2.98,12.18,-1.75
2454,2.99,12.165,-2
2451,3,12.145,-1.75
2447,3.01,12.125,-1.75
2444,3.02,12.11,-1.75
2440,3.03,12.09,-1.75
2436,3.04,12.075,-2
2433,3.05,12.055,-2
2429,3.06,12.035,-2
2425,3.07,12.015,-2
2422,3.08,11.995,-2
2418,3.09,11.975,-2.25
2415,3.1,11.955,-2.25
2411,3.11,11.93,-2
2407,3.12,11.91,-2
2403,3.13,11.89,-2
2399,3.14,11.87,-2
2395,3.15,11.85,-2.25
2391,3.16,11.83,-2.25
2386,3.17,11.805,-2
2382,3.18,11.785,-2
2378,3.19,11.765,-2
2374,3.2,11.745,-2.25
2370,3.21,11.725,-2.25
2366,3.22,11.7,-2
2361,3.23,11.68,-2.25
2357,3.24,11.66,-2.25
2353,3.25,11.635,-2.25
2349,3.26,11.615,-2.5
2345,3.27,11.59,-2.5
2340,3.28,11.565,-2.5
2336,3.29,11.54,-2.5
2332,3.3,11.515,-2.5
2327,3.31,11.49,-2.5
2323,3.32,11.465,-2.75
2318,3.33,11.44,-3
2313,3.34,11.41,-2.75
2308,3.35,11.38,-2.75
2303,3.36,11.355,-3
2298,3.37,11.325,-3
2293,3.38,11.295,-3
2288,3.39,11.265,-3
2282,3.4,11.235,-3
2276,3.41,11.205,-3
2271,3.42,11.175,-2.75
2265,3.43,11.145,-3
2259,3.44,11.12,-3.25
2253,3.45,11.085,-3.25
2247,3.46,11.055,-3.25
2241,3.47,11.02,-3.25
2235,3.48,10.99,-3.5
2229,3.49,10.955,-3.5
2224,3.5,10.92,-3.5
2217,3.51,10.885,-3.75
2211,3.52,10.85,-3.75
2204,3.53,10.81,-3.75
2198,3.54,10.775,-4
2191,3.55,10.735,-3.75
2184,3.56,10.695,-3.75
2177,3.57,10.66,-4
2170,3.58,10.62,-4
2162,3.59,10.58,-4
2155,3.6,10.54,-4
2147,3.61,10.5,-4
2139,3.62,10.46,-4
2132,3.63,10.42,-4
2124,3.64,10.38,-3.75
2116,3.65,10.34,-3.75
2108,3.66,10.305,-3.75
2100,3.67,10.265,-3.25
2092,3.68,10.23,-3.25
2084,3.69,10.2,-3.25
2076,3.7,10.165,-3
2068,3.71,10.135,-3
2061,3.72,10.105,-3
2053,3.73,10.075,-2.75
2046,3.74,10.045,-2.75
2040,3.75,10.02,-2.75
2033,3.76,9.99,-2.75
2027,3.77,9.965,-2.75
2021,3.78,9.935,-2.5
2015,3.79,9.91,-2.5
2009,3.8,9.885,-2.5
2004,3.81,9.86,-2.5
1998,3.82,9.835,-2.5
1993,3.83,9.81,-2.25
1987,3.84,9.785,-2.25
1982,3.85,9.765,-2.25
1977,3.86,9.74,-2
1972,3.87,9.72,-2
1967,3.88,9.7,-2
1962,3.89,9.68,-1.75
1957,3.9,9.66,-1.75
1953,3.91,9.645,-1.75
1948,3.92,9.625,-1.75
1944,3.93,9.61,-1.75
1940,3.94,9.59,-1.75
1936,3.95,9.575,-1.75
1932,3.96,9.555,-1.5
1929,3.97,9.54,-1.5
1925,3.98,9.525,-1.75
1922,3.99,9.51,-1.75
1918,4,9.49,-1.5
1915,4.01,9.475,-1.75
1911,4.02,9.46,-1.75
1908,4.03,9.44,-1.75
1905,4.04,9.425,-2
1902,4.05,9.405,-2
1898,4.06,9.385,-2
1895,4.07,9.365,-2
1892,4.08,9.345,-2.25
1888,4.09,9.325,-2.5
1885,4.1,9.3,-2.5
1881,4.11,9.275,-2.5
1877,4.12,9.25,-2.75
1873,4.13,9.225,-3
1869,4.14,9.195,-3
1865,4.15,9.165,-3
1860,4.16,9.135,-3
1855,4.17,9.105,-3.25
1850,4.18,9.075,-3.5
1845,4.19,9.04,-3.25
1839,4.2,9.005,-3.25
1833,4.21,8.975,-3.5
1827,4.22,8.94,-3.25
1821,4.23,8.905,-3
1815,4.24,8.875,-3
1808,4.25,8.845,-3
1801,4.26,8.815,-2.75
1795,4.27,8.785,-2.75
1788,4.28,8.76,-2.75
1781,4.29,8.73,-2.75
1775,4.3,8.705,-2.75
1769,4.31,8.675,-2.75
1763,4.32,8.65,-2.75
1757,4.33,8.62,-2.5
1752,4.34,8.595,-2.5
1746,4.35,8.57,-2.75
1741,4.36,8.545,-2.75
1735,4.37,8.515,-2.5
1730,4.38,8.49,-2.75
1724,4.39,8.465,-2.75
1719,4.4,8.435,-2.75
1714,4.41,8.41,-2.75
1709,4.42,8.38,-2.75
1703,4.43,8.355,-3
1698,4.44,8.325,-2.75
1693,4.45,8.295,-3
1687,4.46,8.27,-3.25
1682,4.47,8.235,-3
1676,4.48,8.205,-3.25
1671,4.49,8.175,-3.5
1665,4.5,8.14,-3.5
1659,4.51,8.105,-3.5
1654,4.52,8.07,-3.5
1647,4.53,8.035,-3.75
1641,4.54,8,-4
1635,4.55,7.96,-4
1628,4.56,7.92,-4.25
1621,4.57,7.88,-4.5
1614,4.58,7.835,-4.75
1607,4.59,7.79,-4.75
1600,4.6,7.74,-5
1592,4.61,7.695,-5.25
1584,4.62,7.64,-5.25
1576,4.63,7.59,-5.75
1567,4.64,7.535,-6
1558,4.65,7.475,-6
1548,4.66,7.415,-6.5
1539,4.67,7.355,-6.75
1528,4.68,7.285,-6.75
1518,4.69,7.22,-7.25
1507,4.7,7.15,-7.75
1495,4.71,7.075,-8
1483,4.72,6.995,-8.25
1471,4.73,6.915,-8.75
1457,4.74,6.83,-9
1444,4.75,6.74,-9.25
1430,4.76,6.65,-9.75
1415,4.77,6.555,-10
1399,4.78,6.455,-10.25
1383,4.79,6.355,-10.75
1366,4.8,6.25,-11.25
1348,4.81,6.14,-11.5
1330,4.82,6.025,-11.75
1311,4.83,5.91,-12.25
1291,4.84,5.79,-12.5
1271,4.85,5.665,-12.75
1250,4.86,5.54,-13.5
1228,4.87,5.41,-13.75
1205,4.88,5.27,-14
1182,4.89,5.135,-14.5
1158,4.9,4.99,-14.75
1133,4.91,4.845,-15.25
1108,4.92,4.695,-15.5
1082,4.93,4.54,-15.75
1054,4.94,4.385,-16
1027,4.95,4.225,-16.25
998,4.96,4.065,-16.5
969,4.97,3.9,-16.75
939,4.98,3.735,-17
908,4.99,3.565,-17
877,5,3.395,-17.25
845,5.01,3.225,-17.5
813,5.02,3.05,-17.25
780,5.03,2.875,-17.25
747,5.04,2.705,-17.25
713,5.05,2.53,-17.25
679,5.06,2.36,-17.25
645,5.07,2.185,-16.75
610,5.08,2.015,-16.5
575,5.09,1.85,-16.5
541,5.1,1.685,-16.25
506,5.11,1.52,-15.75
472,5.12,1.36,-15.25
437,5.13,1.205,-15
403,5.14,1.055,-14.75
370,5.15,0.905,-14.25
337,5.16,0.76,-13.75
304,5.17,0.62,-13.25
272,5.18,0.485,-12.5
241,5.19,0.355,-12
211,5.2,0.235,-11.75
181,5.21,0.115,739
152,5.22,0,739.5
124,5.23,14.895,-10
97,5.24,14.79,-9.25
71,5.25,14.695,-8.75
47,5.26,14.605,-8.25
23,5.27,14.52,-7.5
0,5.28,14.44,-7
2979,5.29,14.37,-6.5
2958,5.3,14.3,-5.75
2939,5.31,14.24,-5.25
2921,5.32,14.185,-4.75
2904,5.33,14.135,-4
2888,5.34,14.09,-3.5
2874,5.35,14.055,-3
2860,5.36,14.02,-2.25
2848,5.37,13.995,-1.75
2837,5.38,13.975,-1.25
2827,5.39,13.96,-0.5
2818,5.4,13.95,0
2811,5.41,13.95,0.5
2804,5.42,13.95,1.25
2799,5.43,13.96,1.75
2795,5.44,13.975,2
2792,5.45,13.995,2.5
2790,5.46,14.015,3.25
2790,5.47,14.045,3.75
2790,5.48,14.08,4.5
2792,5.49,14.12,5
2795,5.5,14.17,5.5
2799,5.51,14.22,6
2803,5.52,14.28,5.75
2809,5.53,14.34,6.5
2816,5.54,14.395,7.5
2824,5.55,14.47,8
2834,5.56,14.545,8.5
2844,5.57,14.63,9
2856,5.58,14.715,9.75
2868,5.59,14.81,-740
2879,5.6,14.91,-739.5
2894,5.61,0.01,11
2909,5.62,0.12,11.5
2926,5.63,0.23,12
2943,5.64,0.35,12.25
2962,5.65,0.47,12.75
2982,5.66,0.595,13
2,5.67,0.725,13.5
24,5.68,0.855,14
46,5.69,0.995,14
70,5.7,1.135,14.25
94,5.71,1.275,14.5
119,5.72,1.42,14.75
145,5.73,1.565,15
171,5.74,1.715,15
199,5.75,1.865,15
227,5.76,2.015,15
255,5.77,2.165,15
284,5.78,2.315,15
313,5.79,2.465,15
343,5.8,2.615,14.75
373,5.81,2.765,14.5
403,5.82,2.91,14.5
433,5.83,3.055,14.25
463,5.84,3.2,14
493,5.85,3.34,13.75
523,5.86,3.48,13.5
553,5.87,3.615,13
582,5.88,3.75,12.5
611,5.89,3.875,12.5
640,5.9,4,12
668,5.91,4.125,11.5
696,5.92,4.24,11
723,5.93,4.355,10.5
750,5.94,4.46,10.25
775,5.95,4.565,9.75
800,5.96,4.665,9.25
825,5.97,4.76,8.75
848,5.98,4.85,8.25
871,5.99,4.935,7.75
892,6,5.015,7
913,6.01,5.09,6.75
933,6.02,5.155,6.5
952,6.03,5.225,5.75
970,6.04,5.285,5.25
987,6.05,5.34,4.75
1003,6.06,5.39,4.25
1018,6.07,5.435,3.75
1031,6.08,5.475,3.25
1045,6.09,5.51,2.75
1057,6.1,5.54,2.25
1068,6.11,5.565,1.75
1078,6.12,5.585,1.25
1087,6.13,5.6,0.75
1095,6.14,5.61,0.5
1102,6.15,5.615,0
1108,6.16,5.62,-0.75
1113,6.17,5.615,-1.25
1117,6.18,5.605,-1.5
1120,6.19,5.59,-2
1122,6.2,5.575,-2.5
1123,6.21,5.55,-2.75
1124,6.22,5.525,-3.5
1123,6.23,5.495,-4
1121,6.24,5.455,-4.25
1118,6.25,5.415,-4.75
1115,6.26,5.37,-5.25
1110,6.27,5.32,-5.75
1105,6.28,5.265,-6
1099,6.29,5.205,-6.5
1091,6.3,5.145,-7
1083,6.31,5.075,-7.25
1074,6.32,5.005,-7.75
1064,6.33,4.93,-8.25
1053,6.34,4.85,-8.75
1041,6.35,4.765,-9
1029,6.36,4.675,-9.25
1015,6.37,4.585,-9.75
1001,6.38,4.49,-10
986,6.39,4.39,-10.25
970,6.4,4.29,-10.75
953,6.41,4.185,-11
935,6.42,4.075,-11.25
917,6.43,3.965,-11.5
898,6.44,3.85,-11.5
878,6.45,3.735,-12
858,6.46,3.62,-12.25
837,6.47,3.495,-12.25
815,6.48,3.375,-12.5
793,6.49,3.25,-12.5
770,6.5,3.125,-12.5
747,6.51,3,-12.75
724,6.52,2.875,-12.75
699,6.53,2.745,-12.75
675,6.54,2.62,-12.75
650,6.55,2.49,-12.75
625,6.56,2.365,-12.75
600,6.57,2.235,-12.25
575,6.58,2.11,-12.25
549,6.59,1.99,-12.25
524,6.6,1.865,-11.75
498,6.61,1.745,-11.5
473,6.62,1.63,-11.5
447,6.63,1.515,-11
422,6.64,1.4,-10.5
398,6.65,1.295,-10.5
373,6.66,1.19,-10
349,6.67,1.085,-9.5
326,6.68,0.99,-9.25
303,6.69,0.895,-8.75
280,6.7,0.805,-8.5
259,6.71,0.72,-8
238,6.72,0.635,-7.25
217,6.73,0.56,-7
198,6.74,0.49,-6.5
179,6.75,0.42,-5.75
161,6.76,0.36,-5.5
144,6.77,0.305,-5
127,6.78,0.25,-4.5
112,6.79,0.205,-4
98,6.8,0.16,-3.25
84,6.81,0.125,-2.75
72,6.82,0.095,-2.5
61,6.83,0.07,-2
50,6.84,0.045,-1.25
41,6.85,0.03,-0.75
32,6.86,0.02,-0.25
25,6.87,0.015,0.5
19,6.88,0.015,1
14,6.89,0.025,1.25
9,6.9,0.035,1.75
6,6.91,0.05,2.25
4,6.92,0.07,2.75
3,6.93,0.095,3.25
3,6.94,0.125,3.75
5,6.95,0.16,4.25
7,6.96,0.2,4.75
10,6.97,0.245,5.25
14,6.98,0.295,5.75
19,6.99,0.35,6.25
25,7,0.41,6.5
32,7.01,0.475,7
40,7.02,0.54,7.5
49,7.03,0.615,7.75
59,7.04,0.69,8.25
70,7.05,0.77,8.75
82,7.06,0.855,9
95,7.07,0.945,9.25
108,7.08,1.035,9.75
123,7.09,1.13,10
138,7.1,1.23,10
154,7.11,1.33,10.25
171,7.12,1.43,10.75
189,7.13,1.535,10.75
207,7.14,1.645,11
226,7.15,1.75,11.25
246,7.16,1.865,11
266,7.17,1.975,11.25
286,7.18,2.085,11.5
307,7.19,2.2,11.25
329,7.2,2.315,11.25
350,7.21,2.425,11.25
373,7.22,2.54,11.25
395,7.23,2.65,11.25
417,7.24,2.765,10.75
440,7.25,2.875,10.75
463,7.26,2.98,10.75
485,7.27,3.09,10.25
508,7.28,3.195,10
530,7.29,3.295,10
553,7.3,3.395,9.75
575,7.31,3.495,9.25
596,7.32,3.59,9
618,7.33,3.68,8.75
639,7.34,3.77,8.5
659,7.35,3.855,8
679,7.36,3.94,7.5
699,7.37,4.015,7.25
718,7.38,4.09,7
736,7.39,4.16,6.5
754,7.4,4.23,6
771,7.41,4.29,5.75
788,7.42,4.35,5.25
803,7.43,4.405,4.75
818,7.44,4.455,4.5
832,7.45,4.5,4
846,7.46,4.545,3.5
858,7.47,4.58,3
870,7.48,4.615,2.5
881,7.49,4.64,2.25
891,7.5,4.665,1.75
900,7.51,4.685,1.25
909,7.52,4.7,0.75
916,7.53,4.71,0.25
923,7.54,4.715,-0.25
928,7.55,4.715,-0.75
933,7.56,4.71,-1
937,7.57,4.7,-1.5
940,7.58,4.69,-2
942,7.59,4.67,-2.25
943,7.6,4.65,-2.75
943,7.61,4.625,-3.25
942,7.62,4.595,-3.5
940,7.63,4.56,-4
938,7.64,4.525,-4.5
934,7.65,4.48,-4.75
930,7.66,4.435,-5.25
925,7.67,4.385,-5.5
919,7.68,4.33,-5.75
912,7.69,4.275,-6.25
905,7.7,4.215,-6.75
896,7.71,4.15,-7
887,7.72,4.08,-7.25
877,7.73,4.01,-7.5
866,7.74,3.935,-7.75
855,7.75,3.86,-8
843,7.76,3.78,-8.25
830,7.77,3.7,-8.5
816,7.78,3.615,-8.75
802,7.79,3.53,-9
787,7.8,3.44,-9
772,7.81,3.35,-9.25
756,7.82,3.26,-9.5
740,7.83,3.165,-9.5
723,7.84,3.07,-9.5
706,7.85,2.975,-9.5
688,7.86,2.88,-9.75
670,7.87,2.785,-9.75
652,7.88,2.685,-9.75
633,7.89,2.59,-9.75
614,7.9,2.49,-9.5
595,7.91,2.395,-9.75
576,7.92,2.3,-9.75
557,7.93,2.2,-9.25
537,7.94,2.105,-9.25
518,7.95,2.015,-9.25
498,7.96,1.92,-8.75
479,7.97,1.83,-8.5
460,7.98,1.745,-8.5
440,7.99,1.66,-8.25
421,8,1.575,-8
403,8.01,1.495,-7.75
384,8.02,1.415,-7.25
366,8.03,1.34,-7
349,8.04,1.27,-6.75
332,8.05,1.2,-6.25
315,8.06,1.135,-6
299,8.07,1.075,-5.75
283,8.08,1.015,-5.25
268,8.09,0.96,-4.75
254,8.1,0.91,-4.25
240,8.11,0.865,-4
227,8.12,0.825,-3.75
215,8.13,0.785,-3.25
203,8.14,0.75,-2.75
192,8.15,0.72,-2.25
182,8.16,0.695,-1.75
173,8.17,0.675,-1.5
165,8.18,0.66,-1
157,8.19,0.645,-0.5
150,8.2,0.64,0
144,8.21,0.635,0.5
139,8.22,0.64,0.75
135,8.23,0.645,1.25
132,8.24,0.655,1.75
129,8.25,0.67,2
128,8.26,0.69,2.25
127,8.27,0.71,2.75
128,8.28,0.735,3.25
129,8.29,0.765,3.75
131,8.3,0.8,4.25
134,8.31,0.84,4.5
138,8.32,0.885,4.75
142,8.33,0.93,4.5
147,8.34,0.98,4.75
153,8.35,1.02,5.75
160,8.36,1.075,6.25
168,8.37,1.135,6.5
177,8.38,1.2,6.5
186,8.39,1.265,7
196,8.4,1.33,7.25
204,8.41,1.405,7.25
215,8.42,1.475,7.75
227,8.43,1.55,8
240,8.44,1.63,8
253,8.45,1.71,8.25
266,8.46,1.79,8.5
281,8.47,1.875,8.5
295,8.48,1.96,8.5
310,8.49,2.045,8.5
326,8.5,2.13,8.75
342,8.51,2.215,8.75
358,8.52,2.305,8.75
375,8.53,2.39,8.75
392,8.54,2.48,8.5
409,8.55,2.565,8.5
426,8.56,2.65,8.5
443,8.57,2.735,8.25
461,8.58,2.82,8.25
478,8.59,2.9,8.25
496,8.6,2.985,7.75
513,8.61,3.065,7.5
530,8.62,3.14,7.5
547,8.63,3.215,7.5
564,8.64,3.29,7.25
580,8.65,3.365,6.75
597,8.66,3.435,6.5
613,8.67,3.5,6.25
628,8.68,3.565,6
643,8.69,3.625,5.75
658,8.7,3.685,5.5
673,8.71,3.74,5
687,8.72,3.795,4.75
700,8.73,3.84,4.5
713,8.74,3.89,4
725,8.75,3.93,3.75
737,8.76,3.97,3.25
748,8.77,4.005,3
759,8.78,4.035,2.75
768,8.79,4.065,2.25
778,8.8,4.09,1.75
786,8.81,4.11,1.5
794,8.82,4.125,1.25
801,8.83,4.14,0.75
807,8.84,4.15,0.25
813,8.85,4.155,0
818,8.86,4.155,-0.5
822,8.87,4.155,-1
825,8.88,4.145,-1
828,8.89,4.135,-1.5
830,8.9,4.125,-2
831,8.91,4.105,-2.25
831,8.92,4.085,-2.5
831,8.93,4.06,-2.75
829,8.94,4.035,-3.25
827,8.95,4.005,-3.5
825,8.96,3.97,-3.75
821,8.97,3.935,-4.25
817,8.98,3.895,-4.5
812,8.99,3.85,-4.75
807,9,3.805,-5
801,9.01,3.755,-5.25
794,9.02,3.705,-5.5
787,9.03,3.65,-5.75
779,9.04,3.595,-6
770,9.05,3.535,-6.25
761,9.06,3.475,-6.25
751,9.07,3.41,-6.5
741,9.08,3.35,-6.75
730,9.09,3.28,-6
719,9.1,3.215,-6.25
707,9.11,3.16,-7.25
695,9.12,3.09,-7.25
682,9.13,3.015,-7.25
670,9.14,2.945,-7.25
656,9.15,2.87,-7.25
643,9.16,2.8,-7.5
632,9.17,2.725,-7.5
618,9.18,2.65,-7.5
603,9.19,2.575,-7.5
589,9.2,2.5,-7.5
574,9.21,2.425,-7.5
560,9.22,2.35,-7.25
545,9.23,2.275,-7.25
530,9.24,2.205,-7.25
515,9.25,2.13,-7
500,9.26,2.06,-6.75
485,9.27,1.99,-6.75
470,9.28,1.925,-6.75
455,9.29,1.855,-6.25
441,9.3,1.79,-6
426,9.31,1.73,-6
412,9.32,1.67,-5.75
398,9.33,1.61,-5.25
385,9.34,1.555,-5
371,9.35,1.505,-5
358,9.36,1.455,-4.75
346,9.37,1.405,-4.25
334,9.38,1.36,-4
322,9.39,1.32,-3.75
311,9.4,1.28,-3.25
301,9.41,1.245,-3
291,9.42,1.215,-2.75
281,9.43,1.185,-2.5
272,9.44,1.16,-2
264,9.45,1.135,-1.5
256,9.46,1.12,-1.25
249,9.47,1.105,-1
243,9.48,1.095,-0.75
237,9.49,1.085,-0.25
232,9.5,1.08,0.25
227,9.51,1.08,0.5
224,9.52,1.085,0.75
221,9.53,1.09,1.25
219,9.54,1.1,1.5
217,9.55,1.115,2
216,9.56,1.13,2.25
216,9.57,1.155,2.25
217,9.58,1.175,2.75
218,9.59,1.2,3
220,9.6,1.23,3.25
223,9.61,1.26,3.75
226,9.62,1.295,4
231,9.63,1.335,4.25
235,9.64,1.375,4.5
240,9.65,1.42,4.75
246,9.66,1.465,5
252,9.67,1.515,5.25
259,9.68,1.565,5.5
267,9.69,1.62,5.5
275,9.7,1.675,5.75
284,9.71,1.73,6
293,9.72,1.79,6
303,9.73,1.85,6.25
313,9.74,1.91,6.5
324,9.75,1.975,6.5
335,9.76,2.04,6.5
346,9.77,2.105,6.5
358,9.78,2.17,6.75
370,9.79,2.235,6.75
382,9.8,2.305,7.25
395,9.81,2.37,6.75
408,9.82,2.45,6
421,9.83,2.505,6.5
434,9.84,2.57,6.5
447,9.85,2.635,6.5
461,9.86,2.7,6.5
474,9.87,2.765,6.5
490,9.88,2.83,6.25
501,9.89,2.895,6
514,9.9,2.955,5.75
527,9.91,3.015,5.75
540,9.92,3.07,5.75
553,9.93,3.13,5.25
566,9.94,3.185,5
579,9.95,3.235,5
591,9.96,3.285,4.75
603,9.97,3.335,4.5
614,9.98,3.38,4.5
626,9.99,3.425,4
637,10,3.47,3.75
647,10.01,3.505,3.5
657,10.02,3.545,3.25
667,10.03,3.575,3
676,10.04,3.61,2.5
685,10.05,3.635,2.5
694,10.06,3.66,2.25
701,10.07,3.685,1.75
709,10.08,3.705,1.5
715,10.09,3.72,1.25
722,10.1,3.735,0.75
727,10.11,3.745,0.5
732,10.12,3.75,0.25
737,10.13,3.755,-0.25
741,10.14,3.755,-0.5
744,10.15,3.75,-0.75
747,10.16,3.745,-1
749,10.17,3.735,-1.25
750,10.18,3.725,-1.5
751,10.19,3.71,-1.75
751,10.2,3.695,-2
750,10.21,3.675,-2.25
749,10.22,3.655,-2.5
747,10.23,3.63,-2.75
745,10.24,3.605,-3.25
742,10.25,3.575,-3.5
739,10.26,3.54,-3.5
735,10.27,3.505,-3.75
731,10.28,3.47,-4
726,10.29,3.43,-4
721,10.3,3.39,-4.25
715,10.31,3.35,-4.75
708,10.32,3.305,-4.75
701,10.33,3.255,-4.75
694,10.34,3.21,-5
686,10.35,3.16,-5.25
678,10.36,3.11,-5.25
670,10.37,3.055,-5.25
661,10.38,3.005,-5.5
651,10.39,2.95,-5.5
642,10.4,2.895,-5.75
632,10.41,2.84,-5.75
622,10.42,2.78,-5.75
611,10.43,2.725,-5.75
601,10.44,2.665,-5.75
590,10.45,2.61,-5.75
579,10.46,2.55,-5.75
568,10.47,2.495,-5.75
556,10.48,2.435,-5.75
545,10.49,2.38,-5.75
533,10.5,2.32,-5.5
522,10.51,2.265,-5.5
510,10.52,2.21,-5.5
499,10.53,2.155,-5.25
487,10.54,2.1,-5.25
476,10.55,2.05,-5
464,10.56,1.995,-4.75
453,10.57,1.95,-4.25
442,10.58,1.9,-4
431,10.59,1.865,-4.5
420,10.6,1.82,-4.25
410,10.61,1.775,-4
399,10.62,1.735,-3.75
390,10.63,1.695,-3.5
380,10.64,1.66,-3.5
373,10.65,1.625,-3.25
364,10.66,1.59,-2.75
355,10.67,1.56,-2.5
347,10.68,1.535,-2.5
339,10.69,1.51,-2.25
332,10.7,1.485,-1.75
325,10.71,1.465,-1.5
318,10.72,1.45,-1.25
312,10.73,1.435,-0.75
307,10.74,1.425,-0.5
302,10.75,1.42,-0.5
297,10.76,1.415,-0.25
293,10.77,1.41,0.25
290,10.78,1.41,0.5
287,10.79,1.415,0.75
285,10.8,1.42,1
284,10.81,1.43,1.25
283,10.82,1.44,1.5
282,10.83,1.455,1.75
282,10.84,1.47,2
283,10.85,1.49,2.25
284,10.86,1.51,2.5
286,10.87,1.535,2.5
288,10.88,1.56,2.75
291,10.89,1.585,3.25
294,10.9,1.615,3.5
298,10.91,1.65,3.5
302,10.92,1.685,3.75
307,10.93,1.72,4
312,10.94,1.76,4
317,10.95,1.8,4.25
323,10.96,1.84,4.5
330,10.97,1.885,4.5
337,10.98,1.93,4.5
344,10.99,1.975,4.75
352,11,2.02,5
360,11.01,2.07,5
368,11.02,2.12,5
377,11.03,2.17,5
386,11.04,2.22,5
395,11.05,2.27,5.25
404,11.06,2.32,5.25
414,11.07,2.375,5
424,11.08,2.425,5
434,11.09,2.475,5.25
444,11.1,2.525,5.25
454,11.11,2.58,5
464,11.12,2.63,5
475,11.13,2.68,4.75
485,11.14,2.73,4.75
495,11.15,2.775,4.75
505,11.16,2.825,4.5
516,11.17,2.87,4.5
526,11.18,2.915,4.25
536,11.19,2.96,4
546,11.2,3,4
555,11.21,3.04,4
565,11.22,3.08,3.75
574,11.23,3.12,3.5
583,11.24,3.155,3.25
592,11.25,3.19,3
600,11.26,3.22,3
608,11.27,3.25,2.75
616,11.28,3.28,2.5
624,11.29,3.305,2.25
631,11.3,3.33,2
638,11.31,3.35,2
644,11.32,3.37,1.75
650,11.33,3.39,1.25
656,11.34,3.405,1
661,11.35,3.415,1
666,11.36,3.425,0.75
670,11.37,3.435,0.25
674,11.38,3.44,0.25
678,11.39,3.44,0
681,11.4,3.445,-0.5
683,11.41,3.44,-0.5
685,11.42,3.435,-0.75
687,11.43,3.43,-1
688,11.44,3.42,-1
688,11.45,3.41,-1.25
689,11.46,3.4,-1.75
688,11.47,3.385,-2
687,11.48,3.365,-2
686,11.49,3.345,-2.25
684,11.5,3.325,-2.5
682,11.51,3.3,-2.5
680,11.52,3.275,-2.75
677,11.53,3.25,-3
673,11.54,3.22,-3
669,11.55,3.19,-3.25
665,11.56,3.16,-3.25
660,11.57,3.125,-3.5
655,11.58,3.095,-3.75
650,11.59,3.055,-3.75
644,11.6,3.02,-3.75
638,11.61,2.98,-4
632,11.62,2.945,-4.25
625,11.63,2.9,-4
619,11.64,2.86,-4.25
611,11.65,2.82,-4.25
604,11.66,2.775,-4.25
596,11.67,2.735,-4.5
589,11.68,2.69,-4.25
580,11.69,2.645,-4.25
572,11.7,2.605,-4.5
564,11.71,2.56,-4.5
555,11.72,2.515,-4.5
547,11.73,2.47,-4.25
538,11.74,2.425,-4.25
529,11.75,2.385,-4.25
521,11.76,2.34,-4.25
512,11.77,2.3,-4.25
503,11.78,2.255,-4
494,11.79,2.215,-4
485,11.8,2.175,-3.75
477,11.81,2.135,-3.75
468,11.82,2.1,-3.75
460,11.83,2.06,-3.5
451,11.84,2.025,-3.25
443,11.85,1.99,-3.25
435,11.86,1.96,-3.25
427,11.87,1.925,-2.75
420,11.88,1.895,-2.75
412,11.89,1.87,-2.75
405,11.9,1.84,-2.25
398,11.91,1.815,-2
392,11.92,1.795,-2
385,11.93,1.775,-1.75
379,11.94,1.755,-1.5
374,11.95,1.74,-1.5
368,11.96,1.725,-1.25
363,11.97,1.71,-1
359,11.98,1.7,-0.75
355,11.99,1.69,-0.5
351,12,1.685,-0.25
348,12.01,1.68,0
345,12.02,1.68,0
342,12.03,1.68,0.25
340,12.04,1.68,0.5
338,12.05,1.685,0.75
337,12.06,1.69,1
336,12.07,1.7,1.25
336,12.08,1.71,1.5
336,12.09,1.725,1.5
336,12.1,1.74,1.5
337,12.11,1.755,1.75
338,12.12,1.77,2.25
340,12.13,1.79,2.25
342,12.14,1.815,2.25
345,12.15,1.835,2.5
348,12.16,1.86,2.5
351,12.17,1.885,2.75
354,12.18,1.91,3
358,12.19,1.94,3.25
363,12.2,1.97,3.25
367,12.21,2.005,3.25
372,12.22,2.035,3.5
377,12.23,2.07,3.5
382,12.24,2.105,3.5
388,12.25,2.14,3.5
394,12.26,2.175,3.75
401,12.27,2.21,4
407,12.28,2.25,3.75
414,12.29,2.29,3.75
421,12.3,2.325,4
428,12.31,2.365,3.75
435,12.32,2.405,3.75
442,12.33,2.44,4
450,12.34,2.48,3.75
458,12.35,2.52,3.75
465,12.36,2.555,3.75
473,12.37,2.595,3.75
481,12.38,2.63,3.75
488,12.39,2.67,3.5
496,12.4,2.705,3.5
504,12.41,2.74,3.5
511,12.42,2.775,3.25
519,12.43,2.81,3.25
526,12.44,2.84,3.25
534,12.45,2.875,2.75
541,12.46,2.905,2.75
548,12.47,2.93,2.75
555,12.48,2.96,2.5
562,12.49,2.985,2.5
568,12.5,3.01,2.25
575,12.51,3.035,2.25
581,12.52,3.055,2
586,12.53,3.08,1.75
592,12.54,3.095,1.75
597,12.55,3.115,1.5
602,12.56,3.13,1.25
607,12.57,3.145,1
611,12.58,3.155,1
616,12.59,3.165,0.75
619,12.6,3.175,0.5
623,12.61,3.18,0.25
626,12.62,3.185,0.25
629,12.63,3.185,0.25
631,12.64,3.19,-0.25
633,12.65,3.19,-0.5
635,12.66,3.185,-0.5
636,12.67,3.18,-0.75
637,12.68,3.175,-1
637,12.69,3.165,-1
638,12.7,3.155,-1
638,12.71,3.145,-1.25
637,12.72,3.135,-1.5
636,12.73,3.12,-1.75
635,12.74,3.105,-2
633,12.75,3.085,-2
631,12.76,3.065,-2
629,12.77,3.045,-2
627,12.78,3.025,-2.25
624,12.79,3.005,-2.5
621,12.8,2.98,-2.5
617,12.81,2.955,-2.5
613,12.82,2.93,-2.75
609,12.83,2.905,-2.75
605,12.84,2.875,-2.75
601,12.85,2.85,-3
596,12.86,2.82,-3
591,12.87,2.79,-3
586,12.88,2.76,-2.75
581,12.89,2.73,-3
575,12.9,2.705,-3.25
570,12.91,2.67,-3.25
564,12.92,2.64,-3.25
558,12.93,2.605,-3.25
552,12.94,2.575,-3.25
546,12.95,2.54,-3.25
541,12.96,2.51,-3.25
534,12.97,2.475,-3
528,12.98,2.445,-3.25
521,12.99,2.415,-3.25
515,13,2.38,-3
508,13.01,2.35,-3
502,13.02,2.32,-3
495,13.03,2.29,-3
489,13.04,2.26,-2.75
483,13.05,2.23,-2.75
476,13.06,2.205,-2.75
470,13.07,2.175,-2.5
464,13.08,2.15,-2.5
458,13.09,2.125,-2.25
452,13.1,2.1,-2.25
446,13.11,2.08,-2.25
441,13.12,2.055,-2
435,13.13,2.035,-1.75
430,13.14,2.015,-1.5
425,13.15,2,-1.5
420,13.16,1.985,-1.5
416,13.17,1.97,-1.25
411,13.18,1.955,-1
407,13.19,1.945,-1
403,13.2,1.935,-1
400,13.21,1.925,-0.75
397,13.22,1.915,-0.25
394,13.23,1.91,-0.25
391,13.24,1.91,-0.25
389,13.25,1.905,0
387,13.26,1.905,0.25
385,13.27,1.905,0.25
383,13.28,1.91,0.5
382,13.29,1.91,0.75
382,13.3,1.92,0.75
381,13.31,1.925,1
381,13.32,1.935,1
381,13.33,1.945,1
382,13.34,1.955,1.25
382,13.35,1.965,1.5
384,13.36,1.98,1.5
385,13.37,1.995,1.75
387,13.38,2.01,1.75
389,13.39,2.03,1.75
391,13.4,2.045,2
393,13.41,2.065,2.25
396,13.42,2.085,2.25
399,13.43,2.11,2.25
402,13.44,2.13,2.5
406,13.45,2.155,2.5
409,13.46,2.18,2.5
413,13.47,2.205,2.5
417,13.48,2.23,2.5
422,13.49,2.255,2.5
426,13.5,2.28,2.75
431,13.51,2.305,2.75
436,13.52,2.335,2.75
441,13.53,2.36,2.75
446,13.54,2.39,2.75
451,13.55,2.415,2.75
456,13.56,2.445,2.75
461,13.57,2.47,2.75
467,13.58,2.5,2.75
472,13.59,2.525,2.75
478,13.6,2.555,2.5
483,13.61,2.58,2.75
489,13.62,2.605,2.75
494,13.63,2.635,2.5
500,13.64,2.66,2.25
505,13.65,2.685,2.25
511,13.66,2.705,2.5
516,13.67,2.73,2
521,13.68,2.755,2
527,13.69,2.77,2.25
532,13.7,2.795,2
537,13.71,2.815,1.75
541,13.72,2.835,1.5
546,13.73,2.85,1.75
551,13.74,2.865,1.75
554,13.75,2.885,1.25
559,13.76,2.9,1.25
563,13.77,2.91,1.25
567,13.78,2.925,1
570,13.79,2.935,1
573,13.8,2.945,0.75
577,13.81,2.955,0.5
580,13.82,2.96,0.5
582,13.83,2.965,0.5
585,13.84,2.97,0.25
587,13.85,2.975,0
589,13.86,2.975,0
591,13.87,2.975,-0.25
592,13.88,2.975,-0.25
593,13.89,2.97,-0.25
594,13.9,2.97,-0.75
595,13.91,2.965,-0.75
595,13.92,2.955,-0.75
595,13.93,2.95,-1
595,13.94,2.94,-1
594,13.95,2.93,-1
594,13.96,2.92,-1.25
593,13.97,2.91,-1.25
591,13.98,2.895,-1.25
590,13.99,2.885,-1.5
588,14,2.87,-1.75
586,14.01,2.855,-1.75
584,14.02,2.835,-1.5
582,14.03,2.82,-1.75
579,14.04,2.805,-2
577,14.05,2.785,-2
574,14.06,2.765,-2
571,14.07,2.745,-2
567,14.08,2.725,-2
564,14.09,2.705,-2
561,14.1,2.685,-2.25
557,14.11,2.665,-2.25
553,14.12,2.64,-2.25
549,14.13,2.62,-2.25
545,14.14,2.595,-2.25
541,14.15,2.575,-2.25
537,14.16,2.55,-2.25
533,14.17,2.53,-2.25
528,14.18,2.505,-2.25
524,14.19,2.485,-2.25
519,14.2,2.46,-2
515,14.21,2.44,-2.25
510,14.22,2.42,-2.25
506,14.23,2.395,-2
501,14.24,2.375,-2
497,14.25,2.355,-2
492,14.26,2.335,-2
488,14.27,2.315,-1.75
484,14.28,2.295,-1.75
479,14.29,2.28,-1.75
475,14.3,2.26,-1.75
471,14.31,2.245,-1.75
467,14.32,2.225,-1.5
463,14.33,2.21,-1.25
459,14.34,2.195,-1.25
456,14.35,2.185,-1.25
452,14.36,2.17,-1
449,14.37,2.16,-1
445,14.38,2.15,-1
442,14.39,2.14,-1
439,14.4,2.13,-0.75
437,14.41,2.12,-0.5
434,14.42,2.115,-0.5
432,14.43,2.11,-0.5
430,14.44,2.105,-0.25
428,14.45,2.1,-0.25
426,14.46,2.1,-0.25
424,14.47,2.095,0.25
423,14.48,2.095,0.25
422,14.49,2.1,0.25
421,14.5,2.1,0.25
420,14.51,2.105,0.5
420,14.52,2.105,0.75
419,14.53,2.115,0.5
419,14.54,2.12,0.75
420,14.55,2.125,1
420,14.56,2.135,0.75
421,14.57,2.145,1
421,14.58,2.15,1.25
423,14.59,2.165,1
424,14.6,2.175,1.25
425,14.61,2.185,1.25
427,14.62,2.2,1.25
429,14.63,2.21,1.5
430,14.64,2.225,1.5
433,14.65,2.24,1.5
435,14.66,2.255,1.5
437,14.67,2.27,1.75
440,14.68,2.285,1.75
442,14.69,2.305,1.75
445,14.7,2.32,1.75
448,14.71,2.34,1.75
451,14.72,2.355,1.75
454,14.73,2.375,1.75
457,14.74,2.39,2
461,14.75,2.41,1.75
464,14.76,2.43,1.75
468,14.77,2.445,2
471,14.78,2.465,1.75
475,14.79,2.485,1.75
478,14.8,2.5,1.75
482,14.81,2.52,1.75
486,14.82,2.535,1.75
489,14.83,2.555,1.75
493,14.84,2.57,1.75
497,14.85,2.59,1.5
500,14.86,2.605,1.5
504,14.87,2.62,1.5
507,14.88,2.635,1.5
511,14.89,2.65,1.5
514,14.9,2.665,1.25
518,14.91,2.68,1.25
521,14.92,2.69,1.25
524,14.93,2.705,1.25
527,14.94,2.715,1.25
530,14.95,2.73,1
533,14.96,2.74,0.75
536,14.97,2.75,0.75
538,14.98,2.755,0.75
541,14.99,2.765,0.75
543,15,2.77,0.75
546,15.01,2.78,0.5
548,15.02,2.785,0.25
550,15.03,2.79,0.25
551,15.04,2.79,0.25
553,15.05,2.795,0
554,15.06,2.795,0
556,15.07,2.795,0
557,15.08,2.795,0
558,15.09,2.795,-0.25
558,15.1,2.795,-0.5
559,15.11,2.79,-0.5
559,15.12,2.785,-0.5
559,15.13,2.78,-0.5
559,15.14,2.775,-0.5
559,15.15,2.77,-0.5
559,15.16,2.765,-0.75
558,15.17,2.76,-1
557,15.18,2.75,-0.75
556,15.19,2.74,-0.75
555,15.2,2.735,-1
554,15.21,2.725,-1.25
553,15.22,2.715,-1.25
552,15.23,2.7,-1
550,15.24,2.69,-1
548,15.25,2.68,-1.25
547,15.26,2.67,-1.25
545,15.27,2.655,-1.25
543,15.28,2.645,-1.5
540,15.29,2.63,-1.25
538,15.3,2.615,-1.25
536,15.31,2.605,-1.5
534,15.32,2.59,-1.25
531,15.33,2.575,-1.25
529,15.34,2.565,-1.5
526,15.35,2.55,-1.25
523,15.36,2.535,-1.25
521,15.37,2.525,-1.5
518,15.38,2.51,-1.5
515,15.39,2.495,-1.5
513,15.4,2.48,-1.25
510,15.41,2.465,-1.25
507,15.42,2.455,-1.5
505,15.43,2.44,-1.25
502,15.44,2.425,-1.25
499,15.45,2.415,-1.25
496,15.46,2.4,-1.25
493,15.47,2.39,-1.25
491,15.48,2.375,-1
488,15.49,2.365,-1
485,15.5,2.355,-1
483,15.51,2.345,-1
480,15.52,2.335,-1
478,15.53,2.325,-1
475,15.54,2.315,-0.75
473,15.55,2.305,-0.75
471,15.56,2.3,-0.75
469,15.57,2.29,-0.5
467,15.58,2.285,-0.5
465,15.59,2.28,-0.5
463,15.6,2.275,-0.5
461,15.61,2.27,-0.5
460,15.62,2.265,-0.25
458,15.63,2.26,0
457,15.64,2.26,-0.25
456,15.65,2.26,-0.25
455,15.66,2.255,0
454,15.67,2.255,0
453,15.68,2.255,0.25
452,15.69,2.255,0.25
452,15.7,2.26,0.25
452,15.71,2.26,0.25
451,15.72,2.265,0.25
451,15.73,2.265,0.5
451,15.74,2.27,0.5
451,15.75,2.275,0.5
452,15.76,2.28,0.5
452,15.77,2.285,0.75
453,15.78,2.29,0.75
453,15.79,2.3,0.75
454,15.8,2.305,0.75
455,15.81,2.315,0.75
456,15.82,2.32,0.75
457,15.83,2.33,0.75
458,15.84,2.335,1
460,15.85,2.345,1
461,15.86,2.355,1
463,15.87,2.365,1
464,15.88,2.375,0.75
466,15.89,2.385,0.75
467,15.9,2.39,1.25
469,15.91,2.4,1.25
471,15.92,2.415,1
473,15.93,2.425,1
475,15.94,2.435,1
477,15.95,2.445,1
478,15.96,2.455,1
480,15.97,2.465,1
483,15.98,2.475,1
485,15.99,2.485,1
487,16,2.495,1
489,16.01,2.505,1
491,16.02,2.515,1
493,16.03,2.525,1
495,16.04,2.535,1
497,16.05,2.545,0.75
499,16.06,2.555,0.75
501,16.07,2.56,1
503,16.08,2.57,0.75
505,16.09,2.58,0.75
507,16.1,2.585,0.75
509,16.11,2.595,0.5
511,16.12,2.6,0.75
512,16.13,2.605,0.75
514,16.14,2.615,0.5
516,16.15,2.62,0.5
517,16.16,2.625,0.5
519,16.17,2.63,0.25
520,16.18,2.635,0.25
521,16.19,2.635,0.5
523,16.2,2.64,0.25
524,16.21,2.645,0
525,16.22,2.645,0.25
526,16.23,2.645,0.25
527,16.24,2.65,0
527,16.25,2.65,0
528,16.26,2.65,0
529,16.27,2.65,-0.25
529,16.28,2.65,-0.25
529,16.29,2.645,-0.25
530,16.3,2.645,-0.25
530,16.31,2.64,-0.25
530,16.32,2.64,-0.5
530,16.33,2.635,-0.25
530,16.34,2.63,-0.25
529,16.35,2.63,-0.5
529,16.36,2.625,-0.5
528,16.37,2.62,-0.5
528,16.38,2.615,-0.5
527,16.39,2.61,-0.5
526,16.4,2.605,-0.5
526,16.41,2.6,-0.75
525,16.42,2.595,-0.75
524,16.43,2.585,-0.5
523,16.44,2.58,-0.5
522,16.45,2.575,-0.75
521,16.46,2.57,-0.75
520,16.47,2.56,-0.5
519,16.48,2.555,-0.75
517,16.49,2.55,-0.75
516,16.5,2.54,-0.75
515,16.51,2.535,-0.75
514,16.52,2.525,-0.5
512,16.53,2.52,-0.75
511,16.54,2.515,-0.75
510,16.55,2.505,-0.75
508,16.56,2.5,-0.75
507,16.57,2.49,-0.5
505,16.58,2.485,-0.75
504,16.59,2.48,-0.75
503,16.6,2.47,-0.5
501,16.61,2.465,-0.75
500,16.62,2.46,-0.75
498,16.63,2.45,-0.5
497,16.64,2.445,-0.5
496,16.65,2.44,-0.5
494,16.66,2.435,-0.5
493,16.67,2.43,-0.5
492,16.68,2.425,-0.5
490,16.69,2.42,-0.5
489,16.7,2.415,-0.5
488,16.71,2.41,-0.25
487,16.72,2.405,-0.25
486,16.73,2.405,-0.5
485,16.74,2.4,-0.25
484,16.75,2.395,-0.25
483,16.76,2.395,-0.25
482,16.77,2.39,0
481,16.78,2.39,-0.25
481,16.79,2.39,-0.25
480,16.8,2.385,0
479,16.81,2.385,0
479,16.82,2.385,0
478,16.83,2.385,0
478,16.84,2.385,0.25
478,16.85,2.385,0.25
477,16.86,2.39,0
477,16.87,2.39,0
477,16.88,2.39,0.25
477,16.89,2.39,0.25
477,16.9,2.395,0.25
477,16.91,2.395,0.25
478,16.92,2.4,0.25
478,16.93,2.4,0.5
478,16.94,2.405,0.25
478,16.95,2.41,0.25
479,16.96,2.41,0.5
479,16.97,2.415,0.25
480,16.98,2.42,0.25
480,16.99,2.42,0.5
481,17,2.425,0.5
482,17.01,2.43,0.25
482,17.02,2.435,0.25
483,17.03,2.435,0.5
484,17.04,2.44,0.5
484,17.05,2.445,0.25
485,17.06,2.45,0.25
486,17.07,2.45,0.5
487,17.08,2.455,0.5
487,17.09,2.46,0.25
488,17.1,2.465,0.25
489,17.11,2.465,0.5
490,17.12,2.47,0.5
490,17.13,2.475,0.25
491,17.14,2.48,0.25
492,17.15,2.48,0.5
493,17.16,2.485,0.25
493,17.17,2.49,0.25
494,17.18,2.49,0.5
495,17.19,2.495,0.25
496,17.2,2.5,0.25
496,17.21,2.5,0.25
497,17.22,2.505,0.25
498,17.23,2.505,0.25
498,17.24,2.51,0.25
499,17.25,2.51,0.25
500,17.26,2.515,0.25
500,17.27,2.515,0.25
501,17.28,2.52,0
501,17.29,2.52,0.25
502,17.3,2.52,0.25
502,17.31,2.525,0
503,17.32,2.525,0
503,17.33,2.525,0
504,17.34,2.525,0
504,17.35,2.525,0
504,17.36,2.525,0
505,17.37,2.525,0
505,17.38,2.525,0
505,17.39,2.525,0
505,17.4,2.525,0
505,17.41,2.525,0
505,17.42,2.525,-0.25
505,17.43,2.525,-0.25
505,17.44,2.52,0
505,17.45,2.52,0
505,17.46,2.52,-0.25
505,17.47,2.52,-0.25
505,17.48,2.515,0
505,17.49,2.515,-0.25
504,17.5,2.515,-0.25
504,17.51,2.51,0
504,17.52,2.51,-0.25
504,17.53,2.51,-0.25
503,17.54,2.505,0
503,17.55,2.505,-0.25
503,17.56,2.505,-0.25
502,17.57,2.5,0
502,17.58,2.5,0
502,17.59,2.5,-0.25
501,17.6,2.5,-0.25
501,17.61,2.495,0
501,17.62,2.495,0
500,17.63,2.495,-0.25
500,17.64,2.495,-0.25
500,17.65,2.49,0
500,17.66,2.49,0
499,17.67,2.49,0
499,17.68,2.49,0
499,17.69,2.49,0
499,17.7,2.49,0
498,17.71,2.49,0
498,17.72,2.49,0
498,17.73,2.49,0
498,17.74,2.49,0
498,17.75,2.49,0
498,17.76,2.49,0
498,17.77,2.49,0
498,17.78,2.49,0.25
498,17.79,2.49,0.25
498,17.8,2.495,0
498,17.81,2.495,0
498,17.82,2.495,0
498,17.83,2.495,0
498,17.84,2.495,0
498,17.85,2.495,0.25
499,17.86,2.495,0.25
499,17.87,2.5,0
499,17.88,2.5,0
499,17.89,2.5,0
499,17.9,2.5,0
499,17.91,2.5,0
499,17.92,2.5,0
500,17.93,2.5,0
500,17.94,2.5,0
500,17.95,2.5,0
500,17.96,2.5,0
500,17.97,2.5,0
500,17.98,2.5,0
500,17.99,2.5,0
500,18,2.5,0
500,18.01,2.5,0
500,18.02,2.5,0
500,18.03,2.5,0
500,18.04,2.5,0
500,18.05,2.5,0
500,18.06,2.5,0
500,18.07,2.5,0
500,18.08,2.5,0
500,18.09,2.5,0
500,18.1,2.5,0
500,18.11,2.5,0
500,18.12,2.5,0
500,18.13,2.5,0
500,18.14,2.5,0
500,18.15,2.5,0
500,18.16,2.5,0
500,18.17,2.5,0
500,18.18,2.5,0
500,18.19,2.5,0
500,18.2,2.5,0
500,18.21,2.5,0
500,18.22,2.5,0
500,18.23,2.5,0
500,18.24,2.5,0
500,18.25,2.5,0
500,18.26,2.5,0
500,18.27,2.5,0
500,18.28,2.5,0
500,18.29,2.5,0
500,18.3,2.5,0
500,18.31,2.5,0
500,18.32,2.5,0
500,18.33,2.5,0
500,18.34,2.5,0
500,18.35,2.5,0
500,18.36,2.5,0
500,18.37,2.5,0
500,18.38,2.5,0
500,18.39,2.5,0
500,18.4,2.5,0
500,18.41,2.5,0
500,18.42,2.5,0
500,18.43,2.5,0
500,18.44,2.5,0
500,18.45,2.5,0
500,18.46,2.5,0
500,18.47,2.5,0
500,18.48,2.5,0
500,18.49,2.5,0
500,18.5,2.5,0
500,18.51,2.5,0
500,18.52,2.5,0
500,18.53,2.5,0
500,18.54,2.5,0
500,18.55,2.5,0
500,18.56,2.5,0
500,18.57,2.5,0
500,18.58,2.5,0
500,18.59,2.5,0
500,18.6,2.5,0
500,18.61,2.5,0
500,18.62,2.5,0
500,18.63,2.5,0
500,18.64,2.5,0
500,18.65,2.5,0
500,18.66,2.5,0
500,18.67,2.5,0
500,18.68,2.5,0
500,18.69,2.5,0
500,18.7,2.5,0
500,18.71,2.5,0
500,18.72,2.5,0
500,18.73,2.5,0
500,18.74,2.5,0
500,18.75,2.5,0
500,18.76,2.5,0
500,18.77,2.5,0
500,18.78,2.5,0
500,18.79,2.5,0
500,18.8,2.5,0
500,18.81,2.5,0
500,18.82,2.5,0
500,18.83,2.5,0
500,18.84,2.5,0
500,18.85,2.5,0
500,18.86,2.5,0
500,18.87,2.5,0
500,18.88,2.5,0
500,18.89,2.5,0
500,18.9,2.5,0
500,18.91,2.5,0
500,18.92,2.5,0
500,18.93,2.5,0
500,18.94,2.5,0
500,18.95,2.5,0
500,18.96,2.5,0
500,18.97,2.5,0
500,18.98,2.5,0
500,18.99,2.5,0
500,19,2.5,0
500,19.01,2.5,0
500,19.02,2.5,0
500,19.03,2.5,0
500,19.04,2.5,0
500,19.05,2.5,0
500,19.06,2.5,0
500,19.07,2.5,0
500,19.08,2.5,0
500,19.09,2.5,0
500,19.1,2.5,0
500,19.11,2.5,0
500,19.12,2.5,0
500,19.13,2.5,0
500,19.14,2.5,0
500,19.15,2.5,0
500,19.16,2.5,0
500,19.17,2.5,0
500,19.18,2.5,0
500,19.19,2.5,0
500,19.2,2.5,0
500,19.21,2.5,0
500,19.22,2.5,0
500,19.23,2.5,0
500,19.24,2.5,0
500,19.25,2.5,0
500,19.26,2.5,0
500,19.27,2.5,0
500,19.28,2.5,0
500,19.29,2.5,0
500,19.3,2.5,0
500,19.31,2.5,0
500,19.32,2.5,0
500,19.33,2.5,0
500,19.34,2.5,0
500,19.35,2.5,0
500,19.36,2.5,0
500,19.37,2.5,0
500,19.38,2.5,0
500,19.39,2.5,0
500,19.4,2.5,0
500,19.41,2.5,0
500,19.42,2.5,0
500,19.43,2.5,0
500,19.44,2.5,0
500,19.45,2.5,0
500,19.46,2.5,0
500,19.47,2.5,0
500,19.48,2.5,0
500,19.49,2.5,0
500,19.5,2.5,0
500,19.51,2.5,0
500,19.52,2.5,0
500,19.53,2.5,0
500,19.54,2.5,0
500,19.55,2.5,0
500,19.56,2.5,0
500,19.57,2.5,0
500,19.58,2.5,0
500,19.59,2.5,0
500,19.6,2.5,0
500,19.61,2.5,0
500,19.62,2.5,0
500,19.63,2.5,0
500,19.64,2.5,0
500,19.65,2.5,0
500,19.66,2.5,0
500,19.67,2.5,0
500,19.68,2.5,0
500,19.69,2.5,0
500,19.7,2.5,0
500,19.71,2.5,0
500,19.72,2.5,0
500,19.73,2.5,0
500,19.74,2.5,0
500,19.75,2.5,0
500,19.76,2.5,0
500,19.77,2.5,0
500,19.78,2.5,0
500,19.79,2.5,0
500,19.8,2.5,0
500,19.81,2.5,0
500,19.82,2.5,0
500,19.83,2.5,0
500,19.84,2.5,0
500,19.85,2.5,0
500,19.86,2.5,0
500,19.87,2.5,0
500,19.88,2.5,0
500,19.89,2.5,0
500,19.9,2.5,0
500,19.91,2.5,0
500,19.92,2.5,0
500,19.93,2.5,0
500,19.94,2.5,0
500,19.95,2.5,0
500,19.96,2.5,0
500,19.97,2.5,0
500,19.98,2.5,0
500,19.99,2.5,0
500,20,2.5,0
500,20.01,2.5,0
500,20.02,2.5,0
500,20.03,2.5,0
500,20.04,2.5,0
500,20.05,2.5,0
500,20.06,2.5,0
500,20.07,2.5,0
500,20.08,2.5,0
500,20.09,2.5,0
500,20.1,2.5,0
500,20.11,2.5,0
500,20.12,2.5,0
500,20.13,2.5,0
500,20.14,2.5,0
500,20.15,2.5,0
500,20.16,2.5,0
500,20.17,2.5,0
500,20.18,2.5,0
500,20.19,2.5,0
500,20.2,2.5,0
500,20.21,2.5,0
500,20.22,2.5,0
500,20.23,2.5,0
500,20.24,2.5,0
500,20.25,2.5,0
500,20.26,2.5,0
500,20.27,2.5,0
500,20.28,2.5,0
500,20.29,2.5,0
500,20.3,2.5,0
500,20.31,2.5,0
500,20.32,2.5,0
500,20.33,2.5,0
500,20.34,2.5,0
500,20.35,2.5,0
500,20.36,2.5,0
500,20.37,2.5,0
500,20.38,2.5,0
500,20.39,2.5,0
500,20.4,2.5,0
500,20.41,2.5,0
500,20.42,2.5,0
500,20.43,2.5,0
500,20.44,2.5,0
500,20.45,2.5,0
500,20.46,2.5,0
500,20.47,2.5,0
500,20.48,2.5,0
500,20.49,2.5,0
500,20.5,2.5,0
500,20.51,2.5,0
500,20.52,2.5,0
500,20.53,2.5,0
500,20.54,2.5,0
500,20.55,2.5,0
500,20.56,2.5,0
500,20.57,2.5,0
500,20.58,2.5,0
500,20.59,2.5,0
500,20.6,2.5,0
500,20.61,2.5,0
500,20.62,2.5,0
500,20.63,2.5,0
500,20.64,2.5,0
500,20.65,2.5,0
500,20.66,2.5,0
500,20.67,2.5,0
500,20.68,2.5,0
500,20.69,2.5,0
500,20.7,2.5,0
500,20.71,2.5,0
500,20.72,2.5,0
500,20.73,2.5,0
500,20.74,2.5,0
500,20.75,2.5,0
500,20.76,2.5,0
500,20.77,2.5,0
500,20.78,2.5,0
500,20.79,2.5,0
500,20.8,2.5,0
500,20.81,2.5,0
500,20.82,2.5,0
500,20.83,2.5,0
500,20.84,2.5,0
500,20.85,2.5,0
500,20.86,2.5,0
500,20.87,2.5,0
500,20.88,2.5,0
500,20.89,2.5,0
500,20.9,2.5,0
500,20.91,2.5,0
500,20.92,2.5,0
500,20.93,2.5,0
500,20.94,2.5,0
500,20.95,2.5,0
500,20.96,2.5,0
500,20.97,2.5,0
500,20.98,2.5,0
500,20.99,2.5,0
500,21,2.5,0
500,21.01,2.5,0
500,21.02,2.5,0
500,21.03,2.5,
500,21.04,2.5,
500,21.05,2.5,
500,21.06,2.5,
500,21.07,,
500,21.08,,
500,21.09,,
500,21.1,,
500,21.11,,
500,21.12,,
